{

"sat_model_center": [    [ 0.15, 0.15, -0.15],
    [ 0.15,  -0.15,-0.15 ],
    [-0.15,  -0.15, -0.15],
    [-0.15,   0.15, -0.15],
    [ 0.15,   0.15, 0.15 ],
    [ 0.15,  -0.15, 0.15 ],
    [-0.15,  -0.15, 0.15  ],
    [-0.15,   0.15, 0.15  ],

    [ 0.64979,  0.14935 , -0.00407 ],
    [ 0.64979, -0.15233 ,  -0.00407 ],
    [-0.64979 , -0.15234 , -0.00408],
    [-0.64979,  0.14934, -0.00408],
    

    [ -0.04  ,  -0.04   , -0.153   ],
    [-0.04  , 0.04 , -0.153  ],
    [0.04, 0.04, -0.153 ],
    [0.04, -0.04, -0.153  ]

],
    
"sat_model": [   
    [ 0.15, 0.15, -0.30],
    [ 0.15,  -0.15,-0.30 ],
    [-0.15,  -0.15, -0.30],
    [-0.15,   0.15, -0.30],
    [ 0.15,   0.15, -0.0 ],
    [ 0.15,  -0.15, -0.0 ],
    [-0.15,  -0.15, -0.0  ],
    [-0.15,   0.15, -0.0  ],

    [ 0.64979,  0.14935 , -0.15407 ],
    [ 0.64979, -0.15233 ,  -0.15407 ],
    [-0.64979 , -0.15234 , -0.15408],
    [-0.64979,  0.14934, -0.15408],
    

    [ -0.04  ,  -0.04   , -0.303   ],
    [-0.04  , 0.04 , -0.303  ],
    [0.04, 0.04, -0.303 ],
    [0.04, -0.04, -0.3030  ]


], 

"marker_model": [   
    [ -0.04  ,  -0.04   , -0.303 ],
    [-0.04  , 0.04 , -0.303  ],
    [0.04, 0.04, -0.303 ],
    [0.04, -0.04, -0.3030  ]

    


],

"sat_model_nozzle": [   
    [ 0.15, 0.15, -0.30],
    [ 0.15,  -0.15,-0.30 ],
    [-0.15,  -0.15, -0.30],
    [-0.15,   0.15, -0.30],
    [ 0.15,   0.15, -0.0 ],
    [ 0.15,  -0.15, -0.0 ],
    [-0.15,  -0.15, -0.0  ],
    [-0.15,   0.15, -0.0  ],

    [ 0.64979,  0.14935 , -0.15407 ],
    [ 0.64979, -0.15233 ,  -0.15407 ],
    [-0.64979 , -0.15234 , -0.15408],
    [-0.64979,  0.14934, -0.15408],
    

    [ 0.002873,  0.074558   , -0.404393   ],
    [0.002873   , -0.074558 , -0.404393   ],
    [-0.07478 , -0.005712, -0.404393  ],
    [0.074121 , -0.01139 , -0.404393  ],
    [0,  -0.015519    , -0.304912    ],
    [0  , 0.015519  , -0.304912    ],
    [0.0156  , 0, -0.304912   ],
    [-0.0156 , 0 , -0.304912  ]


],


  "camera_matrix": [
    [
      644.8620,
      0,
      640
    ],
    [
      0,
      644.8620,
      360
    ],
    [
      0,
      0,
      1
    ]
  ],


  "camera_matrix_rs_1280": [
        [
            644.8619996477826,
            0.0,
            644.2985755351816
        ],
        [
            0.0,
            645.4024233775574,
            360.487675173297
        ],
        [
            0.0,
            0.0,
            1.0
        ]
  ],


  "dist": [
        [
            -0.06710616061523725,
            0.17608494759451315,
            -0.0025846245326570897,
            0.0005947578548879399,
            -0.21189460399700744
        ]
    ],
    
    "rms": 0.16384398851621454,
    "mean_reprojection_error": 0.019466018610812548
}